iso3,1,2,3,4,5,6,7,8,9,10,11,12,13,14,15,16,17,18,19,20,21
AFG,1.4790928363800049,1.5839205980300903,1.5307469367980957,1.1477340459823608,1.3153307437896729,1.2997775077819824,1.547222137451172,1.5359073877334597,1.2281324863433838,1.5585087537765503,1.4534156322479248,1.3472647666931152,1.4505761861801147,1.4460922479629517,1.5293325185775757,1.4528599977493286,1.4159666299819946,1.29348886013031,1.4022648334503174,1.4984735250473022,1.2016663551330566
AGO,0.9570316076278688,1.0949912071228027,0.940033197402954,1.091048002243042,1.1181877851486206,1.205228328704834,0.8542817831039429,0.8804905414581299,0.9022099375724792,0.99793940782547,1.1193329095840454,0.9868695735931396,1.1801111698150637,0.9079171419143676,1.0131540298461914,0.9058824777603148,1.0036325454711914,1.182897448539734,0.8650814294815063,1.1921766996383667,1.0334768295288086
ALB,1.3746535778045654,1.310177206993103,1.103671908378601,1.1049761772155762,1.0198639631271362,1.0435829162597656,1.328166365623474,1.1731634140014648,1.0896687507629397,1.3279564380645752,1.27689790725708,1.2199028730392456,1.1122649908065796,1.2386901378631592,1.6039503812789917,1.4788488149642944,1.3548269271850586,1.0250407457351685,1.3553686141967771,1.4138000011444092,1.1393685340881348
ARE,1.09807026386261,1.362863302230835,1.1807610988616943,0.9677160382270812,1.0785340070724487,1.113254189491272,1.3150004148483276,1.1668974161148071,0.8782331347465515,1.187854290008545,1.1370097398757937,1.3649616241455078,1.036673069000244,1.479711890220642,1.620766043663025,1.3090654611587524,1.3015421628952026,0.9804261326789856,1.0856932401657104,1.2665220499038696,0.9283191561698914
ARG,0.914581537246704,0.9875341057777404,0.8987885117530823,0.8549500703811646,0.7937706708908081,0.8321559429168701,0.7452994585037231,0.7689429521560669,0.8527727127075195,0.8979749083518982,0.7478011250495911,0.7821677923202515,0.9076752066612244,0.73110032081604,0.8692302107810974,0.8314011096954346,0.9679375290870668,0.94431334733963,1.0323710441589355,0.6633554100990295,0.8086519837379456
ARM,1.4478806257247925,1.3534854650497437,1.3944557905197144,1.061310887336731,1.3702481985092163,1.398035168647766,1.4548426866531372,1.419960856437683,1.197714924812317,1.3304576873779297,1.189206838607788,1.229777455329895,1.23397958278656,1.2852085828781128,1.580482840538025,1.36629319190979,1.3001091480255127,1.1744685173034668,1.3794327974319458,1.6928828954696655,1.345082402229309
AUS,0.8428513407707214,0.9281882047653198,0.8066478967666626,1.0366501808166504,0.8495460152626038,0.8612154722213745,0.842254638671875,0.8930456042289734,0.8902574181556702,0.8205522894859314,1.002539038658142,0.769994854927063,0.9450985193252563,0.7933680415153503,0.857401967048645,0.9645631313323976,0.915269374847412,1.017123103141785,0.7895480990409851,0.8078539371490479,0.825896680355072
AUT,1.2842284440994265,1.2241899967193604,1.0987380743026731,1.0465041399002075,0.9934035539627076,0.9929419755935668,1.192136287689209,1.0668175220489502,1.0473815202713013,1.238773226737976,1.2008342742919922,1.259638786315918,1.3299849033355713,1.1441725492477417,1.1898993253707886,1.3303265571594238,1.31111741065979,0.7758811712265015,1.3343372344970703,1.1969455480575562,1.332960605621338
AZE,1.2821877002716064,1.324232578277588,1.2083712816238403,1.0546339750289917,1.162247896194458,1.1921117305755615,1.286803126335144,1.2149473428726196,1.1229244470596311,1.2748358249664309,1.062095284461975,1.1800817251205444,1.1387823820114136,1.1819350719451904,1.3933411836624146,1.3639471530914309,1.2107304334640503,1.1329529285430908,1.2930570840835571,1.548850178718567,1.2324622869491575
BDI,1.1788595914840698,1.1744109392166138,0.9457573890686036,1.0883082151412964,1.082357406616211,1.0711486339569092,0.8166749477386475,0.8831616640090942,0.8833983540534973,0.9593581557273864,1.0509766340255735,0.8564660549163818,1.1197080612182615,1.0439913272857666,1.04185950756073,0.8523654341697693,0.7706010937690735,1.2330549955368042,0.7120606899261475,1.175462245941162,1.11090350151062
BEL,0.963480830192566,1.0197525024414062,0.984962522983551,0.7375518679618835,0.794713020324707,0.7788170576095581,0.9834094643592834,0.8700466156005859,0.7967714667320251,0.9957966804504396,0.9568885564804076,1.0415489673614502,0.9868083000183104,1.0841996669769287,0.961392104625702,1.1014846563339231,1.044711947441101,0.48449259996414185,1.0050090551376345,0.7963864803314209,1.051788568496704
BEN,0.995922029018402,0.8825288414955139,0.9506878852844238,1.1487663984298706,0.9932994246482848,1.0218570232391355,0.7667370438575745,0.8075196743011475,0.8536494970321655,0.9898224472999572,1.041529417037964,0.8340259790420532,1.1370257139205933,1.0724889039993286,0.9670063257217408,0.7456697225570679,0.771641731262207,1.2437230348587036,0.8602572679519653,1.089405536651611,0.9582062363624572
BFA,1.381745457649231,1.509165644645691,1.158303141593933,1.3604843616485596,1.168244242668152,1.1663622856140137,0.8467830419540405,0.9303441047668456,1.026009440422058,1.064491629600525,1.2667373418807983,1.0537983179092407,1.37667715549469,1.2710163593292236,1.1481518745422363,0.8015385270118713,0.8747822642326355,1.5314102172851565,0.7041886448860168,1.3982477188110352,1.1584864854812622
BGD,1.234025001525879,1.5915534496307373,1.0535569190979004,1.109968662261963,1.0808720588684082,1.0629993677139282,1.1429787874221802,1.1890705823898315,0.8394835591316223,1.2281036376953125,1.0880119800567627,0.9924628138542176,1.2344026565551758,0.9880405068397522,0.9726476669311525,1.366876482963562,1.2248162031173706,1.2981890439987185,1.1944540739059448,1.01258385181427,1.063131332397461
BGR,1.389273762702942,1.2835198640823364,1.1053287982940674,1.1063543558120728,1.099171757698059,1.079704999923706,1.337159276008606,1.2575037479400637,1.136275291442871,1.377299189567566,1.3085088729858398,1.2629680633544922,1.1702700853347778,1.1563228368759155,1.526699781417847,1.4862600564956665,1.3155553340911863,1.0224074125289917,1.3282294273376465,1.4070055484771729,1.239556074142456
BHS,0.7504736185073853,0.7555025815963745,0.7594375014305115,0.6401168704032898,0.7035700678825378,0.7328740954399109,0.7668168544769287,0.771049439907074,0.6225214004516602,0.8316782712936401,0.8232789635658264,0.7656453251838684,0.742527186870575,0.8544115424156189,0.787625789642334,0.8674758672714233,0.863209068775177,0.7147828936576843,0.7974403500556946,0.798653244972229,0.699027955532074
BIH,1.377058982849121,1.2795065641403198,1.1168524026870728,1.148067831993103,1.038949728012085,1.03913676738739,1.3531854152679443,1.2234400510787964,1.1207901239395142,1.3684930801391602,1.3240869045257568,1.2277252674102783,1.1551055908203125,1.1770869493484497,1.4869091510772705,1.5398414134979248,1.3876875638961792,0.8844960927963257,1.3827388286590576,1.378718614578247,1.308545470237732
BLR,1.19599449634552,1.2391078472137451,1.1413849592208862,1.0082156658172607,1.0172518491744995,0.9530978798866272,1.183449625968933,1.150319218635559,1.1222245693206787,1.2818610668182373,1.314461588859558,1.5026006698608398,1.323577880859375,1.350111484527588,1.3676011562347412,1.380218744277954,1.3154945373535156,0.6956468820571899,1.295199990272522,1.2280263900756836,1.3178718090057373
BLZ,0.8428886532783508,0.8872476816177368,1.0306380987167358,0.9727816581726074,0.8473280072212219,0.8807351589202881,0.9555646777153016,0.9766377806663512,0.85341644287109375,0.8897234201431274,0.8849653005599976,0.8582724928855896,1.188181757926941,1.2225137948989868,1.3262377977371216,0.8608267307281494,0.7985948324203491,0.929497480392456,0.7600383758544922,0.9334574937820436,1.1855758428573608
BOL,1.2231372594833374,1.236298441886902,1.2009845972061155,1.2129751443862915,1.115760087966919,1.1603469848632812,1.1212985515594482,1.1973708868026731,1.024128794670105,1.3556106090545654,1.4598106145858765,1.0112119913101196,1.323907494544983,1.136717438697815,1.1461669206619265,1.3188557624816897,1.350356936454773,1.196011662483215,1.1659917831420898,1.4415329694747925,1.162083387374878
BRA,1.200929045677185,1.022511601448059,1.088484525680542,1.0362086296081543,0.9607366919517516,1.0216445922851562,0.9138752818107604,0.904287040233612,0.9142604470252992,0.9880114197731018,1.1443642377853394,1.0775078535079956,1.1031293869018557,0.8593593835830688,0.8693179488182068,1.0202597379684448,1.1165478229522705,0.9712519645690918,1.0065505504608154,1.2012012004852295,1.0379761457443235
BRN,0.8186727166175842,0.845778226852417,0.8455619529673928,0.8618807792663574,0.8662558197975159,0.9200783967971802,0.9031798839569092,0.8854643106460571,0.7248387932777405,0.802931547164917,0.829786479473114,0.7207314968109131,0.9047402143478394,0.8455619529673928,0.7947068214416504,0.9228658080101012,0.929188072681427,0.8838320970535278,0.785304844379425,0.8888968825340271,0.776543915271759
BTN,1.1929556131362915,1.3225923776626587,1.0589956045150757,1.0148173570632937,1.0275094509124756,1.0039111375808716,1.0710793733596802,1.0834816694259644,0.886815071105957,1.1469191312789917,1.0407158136367798,1.0012027025222778,1.1137970685958862,1.0119394063949585,0.9850171208381652,1.231331467628479,1.1840330362319946,1.2174781560897827,1.0281505584716797,1.1760656833648682,0.9538618326187134
BWA,1.3147094249725342,1.5589457750320437,1.309304118156433,1.5132081508636477,1.4180772304534912,1.498845100402832,1.3348281383514404,1.2980177402496338,1.2129355669021606,1.2693511247634888,1.64462411403656,1.1457663774490356,1.4478495121002195,1.2914711236953735,1.384347915649414,1.4595680236816406,1.3353168964385986,1.373862385749817,1.113515019416809,1.6546374559402466,1.251478910446167
CAF,1.1166783571243286,0.8220357298851013,1.0079593658447266,1.1101570129394531,1.1057608127593994,1.147675395011902,0.7537739276885986,0.8015193343162537,0.9728244543075562,1.095907211303711,1.2184443473815918,0.88133704662323,1.1784207820892334,1.001084566116333,0.9596518874168396,0.6819140315055847,0.6919233798980713,1.1570031642913818,0.712880551815033,1.2752680778503418,1.1225813627243042
CAN,2.068922996520996,1.6660139560699463,2.145137310028076,1.8305411338806152,1.854246973991394,1.855349898338318,1.8428306579589844,1.6751112937927246,1.997519612312317,2.0423619747161865,1.7370721101760864,1.8008527755737305,1.9243781566619873,2.2894957065582275,2.412625789642334,1.834911584854126,1.7773832082748413,1.7740854024887085,1.777339220046997,2.327141046524048,2.1377503871917725
CHE,1.3024863004684448,1.2213290929794312,1.0900195837020874,1.01788330078125,0.9792564511299132,0.999936580657959,1.1965473890304563,1.0957106351852417,1.0199624300003052,1.1944167613983154,1.1676623821258545,1.25709867477417,1.2773009538650513,1.1758885383605957,1.134113073348999,1.2369327545166016,1.3164712190628052,0.810084342956543,1.2857884168624878,1.1603955030441284,1.3208346366882324
CHL,0.8601071834564209,0.9795459508895874,0.9985485076904296,0.911003589630127,0.7778987288475037,0.7940885424613953,0.8925628066062927,0.9087893962860109,0.8307536840438843,0.8778613805770874,0.8998023867607117,0.7567360997200012,0.8855695724487305,0.9358094930648804,0.7844799160957336,0.899606466293335,0.8216429948806763,0.9687454104423524,0.7834353446960449,0.6598964333534241,0.8457797169685364
CHN,1.2743675708770752,1.2577773332595823,1.2930865287780762,1.075783133506775,1.1365406513214111,1.0915924310684204,1.2062727212905884,1.0889734029769895,1.0176372528076172,1.087472438812256,1.1755751371383667,1.095597267150879,1.2394438982009888,1.3113346099853516,1.2899750471115112,1.3647894859313965,1.3100323677062988,1.0493261814117432,1.151190996170044,1.4564088582992554,1.193306565284729
CIV,1.0339311361312866,0.8147058486938477,0.9742109775543212,1.193023681640625,1.0419607162475586,1.1082037687301636,0.7422932982444763,0.7846212983131409,0.8365833759307861,0.9681516885757446,1.0823365449905396,0.7792683839797974,1.1115752458572388,0.9568796157836914,1.019734025001526,0.8480736613273621,0.9389944076538086,1.285233736038208,0.8468038439750671,1.1122419834136963,0.946439802646637
CMR,1.0938924551010132,0.750119149684906,0.9713545441627502,1.0631498098373413,0.9925907850265504,1.025701880455017,0.7865742444992065,0.8481383919715881,0.8575751781463623,1.003767967224121,1.1129581928253174,0.8308704495429993,1.1043099164962769,1.0670870542526243,1.047814965248108,0.8353000283241272,0.8859337568283081,1.2011972665786743,0.8048480153083801,1.2164998054504397,1.004594087600708
COD,1.0403190851211548,1.039969801902771,0.9881263971328736,1.086741328239441,1.106137752532959,1.1947739124298096,0.7947008013725281,0.8413407206535339,0.9928932189941406,1.0196248292922974,1.1154109239578247,0.8516972661018372,1.1444807052612305,1.0178486108779907,1.02636456489563,0.739820122718811,0.7875462174415588,1.2079554796218872,0.7615971565246582,1.204102873802185,1.130454182624817
COG,0.9858309030532836,0.855009138584137,0.8631446957588196,1.022331953048706,1.071642279624939,1.1961249113082886,0.7779736518859863,0.805475652217865,0.8790573477745056,0.9246174097061156,1.0180929899215698,0.7962761521339417,1.1332637071609497,0.9018442630767822,0.954850971698761,0.906055986881256,0.8587966561317444,1.0943316221237185,0.7656667232513428,1.0169358253479004,1.100526213645935
COL,1.1530354022979736,1.020862698554993,1.0470579862594604,1.0652413368225098,0.9713071584701538,1.0665394067764282,1.054489016532898,0.9934104681015016,0.8920999765396118,0.9784259796142578,1.1633317470550537,0.7843073606491089,1.0040271282196045,0.956349790096283,0.989690601825714,1.116067886352539,1.0546212196350098,1.0538498163223269,0.8889988660812378,1.1486036777496338,0.9747664332389832
CRI,0.7524814009666443,0.8989710211753845,0.8586758375167847,0.9145721793174744,0.8428234457969666,0.8792333602905273,0.9911507368087769,0.9720325469970704,0.8114254474639893,0.9440656900405884,1.046994924545288,0.8877682089805603,1.0396758317947388,1.105285406112671,1.0268397331237793,0.9285815954208374,0.7957491278648376,0.9364084005355836,0.7578158378601074,1.0491551160812378,0.9357051253318788
CUB,0.8112865090370178,0.8825792074203491,0.7931281328201294,0.7643982172012329,0.8367517590522766,0.869416356086731,0.9963722229003906,1.014944076538086,0.7437328696250916,0.9113410115242004,0.8799301385879517,0.7463425993919373,0.8357033133506775,0.9391040802001952,1.1027168035507202,0.9627432227134703,0.8349243998527527,0.9177196621894836,0.7292049527168274,0.8758363723754883,0.7635801434516907
CYP,1.0701318979263306,0.9986686706542968,0.8504465222358704,0.9100165367126464,0.8387179970741272,0.8490735292434692,1.0303773880004885,0.9730778932571412,0.8246189951896667,1.0690743923187256,0.9561336040496826,0.8746351003646851,0.8081194162368774,1.1454063653945925,0.9678482413291932,0.9417439699172974,0.8554983139038086,0.8381425738334656,0.8944238424301147,1.3532137870788574,0.7853628396987915
CZE,1.172679781913757,1.15680730342865,1.0944409370422363,0.9794962406158448,0.9760878682136536,0.950639009475708,1.1185935735702517,0.9949633479118348,0.9977145195007324,1.1977094411849976,1.1632829904556274,1.2292340993881226,1.2364120483398435,1.1645560264587402,1.1854537725448608,1.3209257125854492,1.2708338499069214,0.6607305407524109,1.2934633493423462,1.1159234046936035,1.251041293144226
DEU,1.065950632095337,1.099971055984497,1.0627498626708984,0.8247544765472412,0.8581523299217224,0.8405745029449463,1.0444269180297852,0.9166401028633118,0.8846251368522644,1.1454288959503174,1.1432921886444092,1.0972293615341189,1.1016333103179932,1.160306692123413,1.0791165828704834,1.1854205131530762,1.1867971420288086,0.5675180554389954,1.1631205081939695,0.9355475902557372,1.1297167539596558
DJI,1.063807487487793,1.0468195676803589,0.9989459216594696,1.093973994255066,0.8490943312644958,0.876080334186554,0.9172582626342772,1.1355525255203247,0.8489830493927002,0.8346531987190247,0.910879611968994,1.122472643852234,0.9827560782432556,0.9989459216594696,0.9819872975349426,1.156227946281433,1.264410138130188,1.0302727222442627,1.0475658178329468,0.9989459216594696,0.8182315826416016
DNK,0.8051494359970093,0.9633383750915528,0.9413130283355712,0.6042645573616028,0.7493301630020142,0.7140291929244995,0.9527927041053772,0.8148220777511597,0.7722004652023315,1.0678938627243042,1.0842206478118896,0.9465271830558776,0.9128007888793944,1.149865984916687,1.007344365119934,1.1018418073654177,0.9885578155517578,0.3493664264678955,1.0612194538116455,0.821460485458374,1.0095021724700928
DOM,0.7305644750595093,0.946102261543274,0.714013397693634,0.8277358412742615,0.8999641537666321,0.984052300453186,1.051160454750061,1.1357510089874268,0.7675086855888367,0.9432510733604432,0.930271565914154,0.8782200217247009,0.8938137888908386,0.8622543215751648,1.226487159729004,0.8858168721199036,0.7535748481750488,1.0702598094940186,0.6699979305267334,0.9299705028533936,0.867636501789093
DZA,1.3766239881515503,1.3524248600006104,1.2044332027435305,1.1521897315979004,1.1058083772659302,1.1828285455703735,1.3544996976852417,1.1990777254104614,1.0921216011047363,1.2651135921478271,1.255842685699463,1.205067753791809,0.909216046333313,1.3127787113189695,1.2654941082000732,1.2887684106826782,1.2056739330291748,1.210237979888916,1.2415814399719238,1.3865270614624023,1.041658639907837
ECU,0.9647685885429382,0.939850091934204,0.927952527999878,1.015882134437561,0.9340770840644836,0.9929624199867249,0.9283841252326964,0.9059024453163148,0.8306422233581543,0.9406448602676392,1.0518475770950315,0.790767252445221,0.9434158205986024,0.8513652682304382,0.7735835909843445,1.0021034479141235,1.0989136695861816,1.0000758171081543,0.9039550423622132,0.99782532453537,0.9542441368103028
EGY,1.2515865564346311,1.3521924018859863,1.099340319633484,1.1048744916915894,1.0898452997207642,1.1008741855621338,1.1640572547912598,1.179749608039856,1.0493590831756592,1.1753787994384766,1.0727856159210205,1.242255449295044,1.0857231616973877,1.2285526990890503,1.3033939599990845,1.2520771026611328,1.0659102201461792,1.00692617893219,1.097064971923828,1.465402126312256,1.047053575515747
ERI,1.1974601745605469,1.1868205070495603,1.020973563194275,1.1691503524780271,1.0054258108139038,1.0411304235458374,0.9645058512687684,1.1293574571609497,0.8695401549339294,0.9282798767089844,0.964921534061432,1.134209156036377,1.223778486251831,1.199150800704956,1.1785895824432373,1.0733492374420166,1.1091954708099363,1.101268291473389,0.9391143321990968,1.135304570198059,1.080408215522766
ESP,1.17069673538208,1.1461695432662964,1.0141069889068604,1.0096092224121094,0.934445858001709,1.0080692768096924,1.1814627647399902,1.1069047451019287,1.0266828536987305,1.1887702941894531,1.129882574081421,1.1823350191116333,0.8647692799568176,1.192097783088684,1.3441545963287354,1.251073956489563,1.4427869319915771,0.9046187400817872,1.3931114673614502,1.1034929752349854,1.053491711616516
EST,1.244538187980652,1.3474091291427612,1.150180697441101,0.8986445665359497,1.0314202308654783,0.965238392353058,1.1195193529129028,1.0959839820861816,1.070160150527954,1.3286441564559937,1.3793575763702393,1.6024162769317627,1.2941157817840576,1.4726685285568235,1.3677375316619873,1.4065719842910769,1.319956660270691,0.6667000651359558,1.3226755857467651,1.0719743967056274,1.300334930419922
ETH,1.156450867652893,1.2932236194610596,0.8585721254348755,1.0523631572723389,1.1390968561172483,1.137595772743225,0.9447070956230164,1.025083065032959,0.8605346083641052,0.8874838352203369,0.8996977210044861,0.9220194220542908,1.1843831539154053,0.9572361707687378,0.9029257297515868,1.0457316637039185,1.072216510772705,1.1300809383392334,0.9998446702957152,1.0879420042037964,1.0353516340255735
FIN,1.4154547452926636,1.422813892364502,1.1317138671875,0.9063398241996764,1.1593682765960691,1.086266040802002,1.2021228075027466,1.2032626867294312,1.0971872806549072,1.4476295709609983,1.4273545742034912,1.6847224235534668,1.401705622673035,1.47532057762146,1.4896923303604126,1.4674246311187744,1.442894697189331,0.6959527134895325,1.3832772970199585,1.0983359813690186,1.3719478845596311
FJI,0.6943497657775879,0.708640456199646,0.7061892151832581,0.757991373538971,0.6551207900047302,0.7053325176239014,0.6785542964935303,0.6776936054229736,0.6348395347595215,0.6586748361587524,0.6932567954063416,0.628197193145752,0.7143829464912415,0.7085027694702148,0.6728647351264954,0.6891487240791321,0.7681751847267151,0.7460268139839172,0.68258136510849,0.5676032304763794,0.6533626317977905
FRA,1.1194767951965332,1.0919439792633057,1.0592033863067627,0.897710919380188,0.8951081037521362,0.9198524951934814,1.0924665927886963,0.993918001651764,0.8955183029174805,1.066606044769287,1.03767728805542,1.1759995222091677,1.064464092254639,1.131922721862793,1.141020894050598,1.1479506492614746,1.280696988105774,0.6338068246841431,1.2002733945846558,1.0413818359375,1.1404414176940918
GAB,0.8941319584846497,0.5689306855201721,0.7837510108947754,0.9624448418617249,0.9148879647254944,0.9897962808609008,0.8026374578475952,0.8126617074012756,0.7696765065193176,0.9259414076805116,0.9706453680992126,0.7757519483566284,0.9913076162338256,0.906045138835907,0.8829714059829712,0.8879966139793396,0.7436151504516602,0.9830941557884216,0.7560727000236511,0.9870747923851012,0.8846822381019592
GBR,0.7362643480300903,0.8688149452209473,0.9414544701576232,0.5237933397293091,0.7272804379463196,0.7113580703735352,0.891665518283844,0.7658856511116028,0.6491023302078247,0.902290940284729,0.8115536570549011,0.9654607772827148,0.828459620475769,1.026398539543152,0.7841566205024719,0.8830713629722595,0.9388795495033264,0.30564084649086,0.9349745512008668,0.6333630681037903,0.9247483611106871
GEO,1.366324543952942,1.2737122774124146,1.270804524421692,1.039616584777832,1.244359254837036,1.2607523202896118,1.3415727615356443,1.3064141273498535,1.150360941886902,1.268808364868164,1.041373372077942,1.1913185119628906,1.1240119934082031,1.2410740852355957,1.47598397731781,1.3486483097076416,1.2591077089309692,1.0525554418563845,1.3141930103302002,1.581857681274414,1.289721965789795
GHA,0.8909967541694641,0.6765839457511902,0.9589008092880248,1.1235032081604004,1.013458013534546,1.0677495002746582,0.757131814956665,0.7841618657112122,0.7783927917480469,0.9751906991004944,1.0374622344970703,0.7922672033309937,1.103646159172058,1.0713366270065308,0.9791844487190248,0.7758057713508606,0.835854172706604,1.2271506786346436,0.8868470191955566,1.106585144996643,0.9433894157409668
GIN,0.880017101764679,0.6980152726173401,1.2045704126358032,1.0177757740020752,1.086904525756836,1.1423622369766235,0.8833039402961731,0.9393180012702942,0.7559995651245117,0.93910014629364,1.1076499223709106,0.9549365639686584,1.1773364543914795,1.3200392723083496,1.1374579668045044,0.9533870220184326,1.0373131036758425,1.391021490097046,0.9069823026657104,1.1305997371673584,1.0470010042190552
GMB,0.899939775466919,0.9820099472999572,0.8361319303512573,1.020250678062439,0.9463499188423156,0.9816357493400574,1.0699994564056396,1.0149003267288208,0.7890704870223999,1.0495649576187134,1.1254236698150637,0.904590368270874,1.0949381589889526,0.9192784428596495,1.1560755968093872,1.096572995185852,0.9897419214248656,1.2999615669250488,0.8077588677406311,1.0613926649093628,0.8597292900085449
GNB,0.7723158597946167,0.8234214186668396,0.8369439244270325,1.0071194171905518,0.8820551633834839,0.9191320538520812,1.0054417848587036,0.9718159437179564,0.7885375618934631,0.982888162136078,1.0677437782287598,0.8895792961120605,0.7882489562034607,0.920360267162323,1.136763572692871,1.041479468345642,0.906394362449646,1.2929929494857788,0.8765575289726257,1.2921491861343384,0.6740237474441528
GNQ,0.8374142646789551,0.4573774337768554,0.7640480995178223,0.9698721170425416,0.9153550863265992,1.031798243522644,0.8440923094749451,0.8404944539070129,0.8035828471183777,0.8350163102149963,0.8999539017677307,0.7175658345222473,0.971094846725464,0.9316890239715576,0.9215342402458192,0.8406953811645508,0.72453773021698,0.9833064079284668,0.7538303732872009,0.9711256623268129,0.8728339672088623
GRC,1.2579861879348757,1.2677403688430786,1.0415562391281128,1.037275314331055,1.048396348953247,1.0600382089614868,1.249559760093689,1.1711431741714478,1.044130563735962,1.326964259147644,1.210412859916687,1.04621422290802,1.0194408893585205,1.2213401794433594,1.5134633779525757,1.3893157243728638,1.2305006980895996,1.0320385694503784,1.1848134994506836,1.3876038789749146,1.0503159761428833
GTM,1.0651957988739014,0.9943182468414308,1.234626293182373,1.0704872608184814,0.9441482424736024,1.0253664255142212,1.1513928174972534,1.0985934734344482,0.9796530604362488,1.0836961269378662,1.1754285097122192,0.9830622673034668,1.0721882581710815,1.34987211227417,1.45786452293396,1.211969971656799,1.1194764375686646,1.0059912204742432,0.909169375896454,1.2026231288909912,1.0555754899978638
GUY,0.8839572072029114,0.9474571347236632,0.7886039018630981,0.9540272355079652,0.9013683199882508,0.9510701298713684,0.8729228973388672,0.979604721069336,0.7801920175552368,0.9188336730003356,0.9081275463104248,0.7166855931282043,0.7945489287376404,1.1338233947753906,0.9698404669761658,0.7389429211616516,0.7561299204826355,0.8112039566040039,0.8783453106880188,0.989347517490387,0.7813923358917236
HND,0.9642666578292848,1.0021010637283323,1.040820598602295,1.0154544115066528,0.915027916431427,0.9637907147407532,1.2225130796432495,1.0993475914001465,0.9182663559913636,1.0295430421829224,1.1117939949035645,0.960286021232605,1.1998624801635742,1.1907737255096436,1.4844708442687988,1.3602678775787354,0.9466453194618224,1.1818920373916626,0.8015559315681458,1.2443536520004272,1.1447670459747314
HRV,1.3584614992141724,1.269750475883484,1.1066699028015137,1.1266264915466309,1.0041077136993408,1.0037682056427002,1.2867487668991089,1.142750263214111,1.1056275367736816,1.3431191444396973,1.3266781568527222,1.2392308712005615,1.2271554470062256,1.1429232358932495,1.5034571886062622,1.5175565481185913,1.370639443397522,0.8764595985412598,1.3868296146392822,1.3076187372207642,1.3213850259780884
HTI,0.7337416410446167,0.9850329756736756,0.7401870489120483,0.8591969013214111,0.9278815984725952,0.9983493685722352,1.0368307828903198,1.0946754217147827,0.8214031457901001,0.9235512018203736,0.9443182945251464,0.9027575850486756,0.908581554889679,0.8319401144981384,1.226515531539917,0.9820812940597534,0.7665605545043945,1.14830482006073,0.6728678345680237,0.953541934490204,0.9550315141677856
HUN,1.2839319705963137,1.2690893411636353,1.1275402307510376,1.1090235710144043,1.0318803787231443,0.9884333610534668,1.235885500907898,1.123382329940796,1.1130452156066897,1.347935676574707,1.2802876234054563,1.3050193786621094,1.270701289176941,1.1386101245880127,1.376615047454834,1.4710756540298462,1.338882565498352,0.791699230670929,1.3812040090560913,1.31467866897583,1.3143463134765625
IDN,0.8371756672859192,0.8989481925964355,0.7391628623008728,0.8455775380134583,0.9007118344306946,0.9721558094024658,0.8444468379020691,0.86372971534729,0.747538685798645,0.8279447555541992,0.8203655481338501,0.6874637603759766,1.0185178518295288,0.7943559885025024,0.7823793888092041,0.8216644525527954,0.900141179561615,0.9054181575775146,0.759671688079834,0.8574308753013611,0.8704524636268616
IND,1.286972165107727,1.4376277923583984,1.0580430030822754,1.1547237634658811,1.0679750442504885,1.0272152423858645,1.116078495979309,1.194056272506714,0.9325827956199646,1.1243950128555298,1.176559329032898,1.0569078922271729,1.2414207458496094,1.092237949371338,0.9962550401687622,1.1375527381896973,1.1575921773910522,1.271816372871399,1.0306211709976196,1.1486732959747314,1.041163682937622
IRL,0.6022876501083374,0.8030399680137634,0.8618820309638977,0.4053828120231629,0.6439353823661804,0.6367392539978027,0.8301985263824463,0.6846262216567993,0.5801589488983154,0.8154742121696472,0.628259003162384,0.855639636516571,0.5857633948326111,0.958267629146576,0.7128872275352478,0.6695564389228821,0.6844704151153564,0.1989772766828537,0.7781422734260559,0.4807359278202057,0.8381403684616089
IRN,1.408606767654419,1.509069800376892,1.371970534324646,1.1141787767410278,1.3346163034439087,1.326365351676941,1.491708517074585,1.3998042345046997,1.116336464881897,1.3520981073379517,1.235913634300232,1.267080545425415,1.24153470993042,1.3974156379699707,1.4899104833602903,1.4117412567138672,1.395832061767578,1.2475180625915527,1.3232778310775757,1.6853349208831787,1.1615240573883057
IRQ,1.4948930740356443,1.6455817222595217,1.3575160503387451,1.1904844045639038,1.36788010597229,1.3871915340423584,1.4249187707901,1.3932464122772217,1.1823176145553589,1.4989569187164309,1.334364891052246,1.3310081958770752,1.190996527671814,1.440680742263794,1.5934901237487793,1.4704153537750244,1.395160436630249,1.2692389488220217,1.3970836400985718,1.7412580251693726,1.1761987209320068
ISL,0.7926480174064636,1.0263627767562866,0.5989006757736206,0.4900079369544983,0.7690598368644714,0.6659453511238098,1.042141079902649,0.9077349305152892,0.969053030014038,1.179318070411682,0.7335282564163208,1.0534168481826782,0.4715087115764618,0.7218811511993408,1.1415239572525024,0.8261115550994873,0.8356743454933167,0.36495956778526306,1.665238618850708,0.8050331473350525,1.0605239868164065
ISR,1.2854372262954712,1.1992002725601196,1.0120701789855957,1.0162960290908811,1.0184980630874634,1.0390771627426147,1.1466617584228516,1.0463931560516355,0.9226934313774108,1.226291537284851,1.108824372291565,1.19558584690094,0.9402304887771606,1.1691755056381226,1.245252013206482,1.1312317848205566,1.0631706714630127,0.9414852261543274,1.1367948055267334,1.4030790328979492,0.9294852018356324
ITA,1.3194262981414795,1.2276082038879397,1.058083176612854,1.079101324081421,1.00577712059021,1.037603497505188,1.2615371942520142,1.1434379816055298,1.0442757606506348,1.2023231983184814,1.226511836051941,1.2398687601089478,1.1847351789474487,1.17930006980896,1.3471002578735352,1.3885613679885864,1.3128681182861328,0.9071170687675476,1.3110557794570925,1.2296723127365112,1.2093600034713743
JAM,0.6672856211662292,0.7982320189476013,0.7044535875320435,0.7955659031867981,0.7745983600616455,0.797687828540802,0.8715795278549194,0.9156121611595154,0.7121455669403076,0.8503562211990356,0.8393760323524475,0.72541344165802,0.7287465929985046,0.8890949487686157,0.9091931581497192,0.8036789894104004,0.807878315448761,0.7905757427215576,0.6828580498695374,0.9420742392539978,0.7030313014984131
JOR,1.4308236837387085,1.4759610891342163,1.1532511711120603,1.1124240159988403,1.115640640258789,1.1448643207550049,1.2307320833206177,1.1981607675552368,1.0401510000228882,1.2744908332824707,1.1635620594024658,1.217723727226257,1.022689938545227,1.2719199657440186,1.3573009967803955,1.207910656929016,1.0974876880645752,1.0614317655563354,1.1586668491363523,1.4265129566192627,1.0162421464920044
JPN,1.1292251348495483,1.0602484941482544,1.0123332738876345,0.8919067978858948,0.9428756833076476,0.9393118023872375,1.1338133811950684,1.0279276371002195,0.9872493743896484,1.0670011043548584,1.059653401374817,0.8750723600387573,1.0272529125213623,1.1394734382629397,1.093026041984558,1.284821391105652,1.2346577644348145,0.974245309829712,0.9809532761573792,1.2212356328964231,0.9948182106018066
KAZ,1.4269403219223022,1.479697585105896,1.21674907207489,1.2450406551361084,1.326542854309082,1.3497909307479858,1.4114363193511963,1.278688669204712,1.351271629333496,1.3126171827316284,1.2672685384750366,1.5352591276168823,1.3172740936279297,1.274168848991394,1.6459473371505735,1.487022042274475,1.601891279220581,1.0238709449768066,1.5293234586715698,1.624732494354248,1.27085542678833
KEN,0.9784958958625792,1.0909857749938965,0.7847009897232056,0.9477707147598268,1.052419662475586,1.0768442153930664,0.8057383894920349,0.8461973071098328,0.7646898627281189,0.8781763911247253,0.8246414065361023,0.81788569688797,1.1006468534469604,0.9624497890472412,0.8968948721885681,0.9286057353019714,0.9681082367897034,1.0683262348175049,0.8612226843833923,0.9312836527824402,0.8440533876419067
KGZ,1.4392555952072144,1.4789410829544067,1.530853509902954,1.1285762786865234,1.4339865446090698,1.4389711618423462,1.5476963520050049,1.332267165184021,1.3249539136886597,1.3766247034072876,1.2211816310882568,1.394337773323059,1.44162118434906,1.3134469985961914,1.550783634185791,1.4670733213424685,1.4062418937683103,1.1149868965148926,1.4794939756393433,1.660171627998352,1.3468436002731323
KHM,0.929060697555542,0.9864545464515686,0.8470094203948975,0.9581799507141112,0.973846971988678,1.032100796699524,0.8963533043861389,0.9273452162742616,0.7871084213256836,0.8953364491462708,0.9178360104560852,0.7313693165779114,1.138760328292847,0.7861930131912231,0.951863169670105,0.9932746291160583,0.9357225298881532,0.9954421520233154,0.8456293344497681,1.0418524742126465,0.9723029732704164
KOR,1.2428468465805054,1.2014015913009644,1.1983634233474731,0.9936935305595398,1.0195863246917725,1.001015067100525,1.1718719005584717,1.041285753250122,1.0155351161956787,1.164952516555786,1.1132551431655884,0.9844059348106384,1.1282007694244385,1.3034405708312988,1.1891825199127195,1.4175678491592407,1.3150161504745483,1.005497694015503,1.057748556137085,1.405058741569519,1.0745625495910645
KWT,1.1574736833572388,1.3198167085647583,1.3085521459579468,1.0406715869903564,1.3782421350479126,1.3704278469085691,1.4489351511001587,1.4448745250701904,0.9145936965942384,1.3579936027526855,1.2708523273468018,1.1037700176239014,1.252410650253296,1.502323865890503,1.631145715713501,1.4685403108596802,1.4022812843322754,1.102471947669983,1.3483442068099976,1.6512467861175537,1.1011236906051636
LAO,1.0740851163864136,1.089371919631958,0.8906461000442505,1.0388985872268677,1.03440523147583,1.0528833866119385,0.9773293137550354,0.9554116129875184,0.8606305122375488,0.9276684522628784,1.0165443420410156,0.7662436366081238,1.1578669548034668,0.787425696849823,1.0724602937698364,1.014155030250549,1.1388829946517944,1.0433224439620972,0.9493762850761414,1.2127598524093628,1.1076030731201172
LBN,1.2705076932907104,1.2204415798187256,1.031856656074524,1.0598410367965698,1.0194743871688845,1.042534351348877,1.1650314331054687,1.0621877908706665,0.9687924981117249,1.254402756690979,1.1306977272033691,1.1464779376983645,0.9903108477592468,1.326415777206421,1.2468732595443726,1.1689451932907104,0.9726744294166564,1.0125279426574707,1.0544121265411377,1.3240176439285278,0.9894634485244752
LBR,0.8168013691902161,0.4408025741577149,0.8957304358482361,1.0473074913024902,0.9704541563987732,1.0535821914672852,0.798268735408783,0.8155632615089417,0.742152214050293,0.8988261222839355,0.9967398047447203,0.7126458883285522,0.9883867502212524,0.99209064245224,0.986019730567932,0.9307354688644408,0.8376235365867615,1.1074461936950684,0.7729506492614746,1.0968611240386963,0.8552228212356567
LBY,1.0620357990264893,1.183920979499817,0.9495116472244264,1.0104467868804932,0.961508572101593,0.9786787033081056,1.2087395191192627,1.124080777168274,0.9874595403671264,1.102203607559204,1.0656626224517822,1.1382534503936768,0.9895040392875672,1.1680182218551636,1.2466347217559814,1.1957404613494873,1.0954071283340454,0.9177894592285156,1.070598602294922,1.242335557937622,0.9562546610832214
LKA,0.8150984048843384,0.9972947239875792,0.7751469612121582,0.821718692779541,0.8257709741592407,0.8603318929672241,0.8578466773033142,0.8863137364387512,0.7008569836616516,0.8155929446220398,0.9427656531333924,0.7495717406272888,0.9176319241523744,0.734215259552002,0.8183316588401794,0.9010490775108336,0.9023433923721312,0.9418423175811768,0.8094642758369446,0.7931749820709229,0.7746652960777283
LSO,1.2836166620254517,1.388573169708252,1.2633918523788452,1.3740195035934448,1.2355533838272097,1.301775336265564,1.2968945503234863,1.3546781539916992,1.090710163116455,1.2628220319747925,1.4489431381225586,0.9662635326385498,1.3501191139221191,1.2633918523788452,1.1167505979537964,1.4087375402450562,1.169060230255127,1.2226446866989136,1.132479190826416,1.3992900848388672,1.2015141248703003
LTU,1.0622782707214355,1.1515052318572998,1.1024941205978394,0.8814107775688171,0.9887460470199584,0.9248150587081908,1.0898735523223877,1.0195329189300537,1.0226870775222778,1.2598363161087036,1.3040037155151367,1.430131196975708,1.2755402326583862,1.3217896223068235,1.2808191776275637,1.3288136720657349,1.283266544342041,0.6170287132263184,1.265723705291748,1.135633111000061,1.238715648651123
LUX,1.0725970268249512,1.0945695638656616,1.0785717964172363,0.8730698823928833,0.856315016746521,0.8419390916824341,1.059288501739502,0.9690584540367126,0.9166386127471924,1.087950348854065,0.9964455962181092,1.1214088201522827,1.1055771112442017,1.1419705152511597,1.069119215011597,1.1693289279937744,1.2053391933441162,0.5547477602958679,1.0993894338607788,0.9562898278236388,1.170048713684082
LVA,1.0990358591079712,1.1944682598114014,1.1239726543426514,0.8531041145324707,0.9841084480285645,0.92135488986969,1.0975791215896606,1.0410603284835815,1.010067582130432,1.26585590839386,1.326957106590271,1.3725491762161257,1.3075042963027954,1.41662859916687,1.265843152999878,1.351209282875061,1.2791041135787964,0.6304749250411987,1.2593646049499512,1.0482592582702637,1.2575854063034058
MAR,1.3027912378311155,1.2453851699829102,1.0171066522598269,0.9352899193763732,1.0411202907562256,1.1619454622268677,1.1529159545898435,1.0072208642959597,0.8938849568367004,1.2495508193969729,1.1660115718841553,1.269317626953125,0.7900024652481079,1.1885021924972534,1.3763211965560913,1.0975099802017212,1.3163082599639893,1.0736037492752075,1.2692246437072754,1.19001042842865,0.9655923843383788
MDA,1.3492611646652222,1.271606206893921,1.1496294736862185,1.1080137491226196,1.1278492212295532,1.0528780221939087,1.2853914499282837,1.1870521306991575,1.1524640321731567,1.3080638647079468,1.344186544418335,1.3518682718276978,1.2864772081375122,1.2078053951263428,1.491277098655701,1.5737297534942627,1.3205111026763916,0.9812381863594056,1.4104491472244265,1.4094595909118652,1.290894865989685
MDG,0.9019151926040648,1.005256175994873,0.7478036880493164,1.0904784202575684,0.8685261607170105,0.9066244959831238,0.8798388242721558,0.9052026867866516,0.8249509930610657,0.871228814125061,0.9066504836082458,0.7710670232772827,1.0579712390899658,0.8327637314796448,1.0778220891952517,0.9072404503822328,0.8451993465423584,0.9901189804077148,0.8269578218460083,0.9753037691116332,0.8766665458679199
MEX,1.1545110940933228,1.126137375831604,1.0092055797576904,1.013573408126831,1.0317893028259275,1.1011624336242676,1.1193838119506836,1.0767199993133545,0.9160682559013368,1.119907021522522,1.0719574689865112,1.0388246774673462,1.063738226890564,1.3049910068511963,1.3017895221710205,1.2439011335372925,1.2851253747940063,1.0137444734573364,1.099496841430664,1.0757046937942505,0.9905758500099182
MKD,1.4192403554916382,1.3256006240844729,1.129490613937378,1.1538078784942627,1.1288808584213257,1.1369847059249878,1.422856688499451,1.272607445716858,1.1342058181762695,1.38987398147583,1.3126205205917358,1.2217674255371094,1.1979843378067017,1.256094455718994,1.5106849670410156,1.521340012550354,1.389739751815796,1.0928492546081543,1.3856028318405151,1.449225902557373,1.2542928457260132
MLI,1.295212984085083,1.5967130661010742,1.243818283081055,1.426444411277771,1.2080329656600952,1.250188946723938,1.0405030250549316,1.1141595840454102,1.109385967254639,1.116682529449463,1.3220824003219604,1.145117998123169,1.386194944381714,1.3532928228378296,1.4066667556762695,1.0660306215286257,1.0114879608154297,1.649986743927002,0.7901709079742432,1.4247955083847046,1.185587763786316
MMR,1.0848629474639893,1.299869179725647,0.9752792716026306,1.015373468399048,1.028982400894165,1.0436809062957764,1.0349242687225342,1.0978211164474487,0.8906344771385193,1.0435091257095337,1.0771856307983398,0.8387359380722046,1.0535286664962769,0.8566699028015137,0.9746273756027222,1.1132820844650269,1.1380285024642944,1.1483832597732544,1.0410128831863403,1.097020983695984,0.9970455765724182
MNE,1.382004976272583,1.290777564048767,1.14585542678833,1.1184720993041992,1.035586953163147,1.0546844005584717,1.3575122356414795,1.2160779237747192,1.0926488637924194,1.3113065958023071,1.2826794385910034,1.215928316116333,1.12350332736969,1.1811460256576538,1.5061508417129517,1.5307520627975464,1.3832857608795166,0.9495745301246644,1.3828542232513428,1.42804753780365,1.2327991724014282
MNG,1.3891817331314087,1.433228611946106,1.5292294025421145,1.2694520950317385,1.2730096578598022,1.316147804260254,1.4746909141540527,1.289594292640686,1.4407382011413574,1.2796072959899902,1.2907201051712036,1.394843339920044,1.5688177347183228,1.5296939611434937,1.6827352046966553,1.7017329931259155,1.6947646141052246,1.194683313369751,1.485642433166504,1.5937578678131104,1.4803913831710815
MOZ,0.9279249310493468,1.1260031461715698,0.8997489213943481,1.244417667388916,1.0448085069656372,1.116324782371521,0.9315394163131714,1.0300192832946775,0.9665939211845398,1.097637414932251,1.0792726278305054,0.8473125696182251,1.1390100717544556,0.9343107342720032,1.1479357481002808,0.960266649723053,0.8612028360366821,1.1426887512207031,0.9308372735977172,1.1957179307937622,0.97188401222229
MRT,0.9868675470352172,0.9968445301055908,0.7163309454917908,1.0574524402618408,0.7850250005722046,0.8369407653808594,1.1596171855926514,1.035236954689026,0.8534239530563354,0.9512889981269836,0.940729320049286,0.9961529970169068,0.8274015188217163,0.805404543876648,0.8783017992973328,0.9798184037208556,1.1000869274139404,1.0427789688110352,0.9318776726722716,0.7871303558349609,0.7328673601150513
MWI,1.0065690279006958,1.2185052633285522,1.002772331237793,1.2793887853622437,1.1085048913955688,1.1385724544525146,0.9804108142852784,1.0287296772003174,0.9981342554092408,1.2231979370117187,1.1882373094558716,0.9087893962860109,1.2984026670455933,1.0627739429473877,1.318450927734375,0.9842087626457214,0.8238192796707153,1.27002215385437,0.951983630657196,1.21284818649292,1.0451440811157229
MYS,0.9322742819786072,0.9306274056434632,0.7668181657791138,0.8366216421127319,0.9108855128288268,0.9709916710853576,0.8985205888748169,0.8606682419776917,0.7080242037773132,0.895422637462616,0.9701067209243774,0.70940101146698,0.985160768032074,0.7211787104606628,0.7634954452514648,0.9070497155189514,0.8851082921028137,0.86074066162109375,0.8349090218544006,0.872721254825592,0.9218886494636536
"NAM",1.1142605543136597,1.234873652458191,0.7549391388893127,1.2553091049194336,1.2115070819854736,1.2944512367248535,0.9640280604362488,1.113037109375,1.0209994316101074,1.0366933345794678,1.117585062980652,1.0896662473678589,1.1158124208450315,0.960809051990509,1.252485990524292,1.1940553188323977,1.1295429468154907,1.2089341878890991,0.9374358654022216,1.122489094734192,0.968644380569458
NCL,0.7362915277481079,0.8129380345344543,0.7468623518943787,0.8563767671585083,0.725016176700592,0.7519042491912842,0.8028802871704102,0.7496285438537598,0.7154470086097717,0.7195221781730652,0.7929785847663879,0.5821818709373474,0.7986587882041931,0.8215697407722473,0.7209087610244751,0.7340579032897949,0.8463769555091858,0.9301667809486388,0.7155268788337708,0.6637572050094604,0.6512877941131592
NER,1.251616358757019,1.358004093170166,0.976850926876068,1.3358536958694458,1.1555659770965576,1.1081948280334473,0.9319161772727966,1.0490517616271973,1.0170189142227173,0.944192349910736,1.235027551651001,1.0858556032180786,1.335025429725647,1.116415023803711,1.139586329460144,0.9230806231498718,1.0893902778625488,1.382120966911316,0.8579562306404114,1.515152096748352,1.0762457847595217
NGA,1.0942286252975464,0.8148782253265381,0.9529555439949036,1.1751590967178345,1.0308185815811155,1.0776218175888062,0.7503743767738342,0.811516284942627,0.8541484475135803,0.9900816082954408,1.0518250465393066,0.8175239562988281,1.1851636171340942,1.0348803997039795,1.0300538539886477,0.7719426155090332,0.7845825552940369,1.162954330444336,0.8214677572250366,1.2105318307876587,1.0171115398406982
NIC,0.8338941931724548,0.9765537977218628,0.9431077837944032,1.0148961544036863,0.91855788230896,0.970366895198822,1.1155192852020264,1.1029642820358276,0.9429884552955629,1.1576828956604004,1.2349436283111572,0.9724235534667968,1.007331132888794,1.131671905517578,1.3038043975830078,1.1150681972503662,1.032010197639465,1.098522424697876,0.8887184858322144,1.120763063430786,0.9289153814315796
NLD,0.7997589707374573,0.9676052927970886,0.9767774939537048,0.6205805540084839,0.7791834473609924,0.7606191039085388,0.9558349251747132,0.8083155751228333,0.7169221639633179,0.9934492707252502,0.9944509267807008,0.9737368226051332,0.9253979325294496,1.082525372505188,0.940427303314209,1.0318827629089355,1.01115620136261,0.41023725271224976,1.011330485343933,0.7521936893463135,0.9759019017219543
NOR,1.647182822227478,1.5423029661178589,1.0473967790603638,1.053268313407898,1.7369303703308103,1.571104884147644,1.6943484544754028,1.4899767637252808,1.3634378910064695,1.7890671491622925,1.547680139541626,1.668683648109436,1.2965091466903689,1.4277862310409546,1.9252909421920776,1.5649759769439695,1.4383459091186523,0.8236329555511475,1.6309374570846558,1.3548388481140137,1.557554006576538
NPL,1.2574763298034668,1.464025616645813,1.1098347902297974,1.1043970584869385,1.1132737398147583,1.0452873706817627,1.2144050598144531,1.2122985124588013,0.9359983205795288,1.2207107543945312,1.1621731519699097,1.0374243259429932,1.2369061708450315,1.107951521873474,0.983988642692566,1.192639708518982,1.1984915733337402,1.3499828577041626,1.090739369392395,1.221585988998413,1.0821847915649414
NZL,0.825615644454956,0.8565170168876648,0.7216997146606445,0.885911762714386,0.7935294508934021,0.8012490272521973,0.7731733322143555,0.7396479845046997,0.8980867862701416,0.7317366600036621,0.8651177883148193,0.6256434917449951,0.8692209720611572,0.8394434452056885,0.763046383857727,0.8691146969795227,0.9804093837738036,0.9252827167510986,0.7120468616485596,0.6344630122184753,0.7700674533843994
OMN,1.070894718170166,1.168359875679016,1.002903699874878,1.0454974174499512,0.9597312808036804,0.9853044748306274,1.1691014766693115,1.2087669372558594,0.901986837387085,1.0127460956573486,1.0451387166976929,0.956800639629364,1.1220098733901978,0.9660929441452026,1.1430946588516235,1.2106164693832395,1.126664400100708,0.9848129153251648,0.9803181886672974,1.1575082540512085,1.0106080770492554
PAK,1.4560519456863403,1.6269298791885376,1.409297227859497,1.1589616537094116,1.1190814971923828,1.078817367553711,1.3173692226409912,1.3002749681472778,1.0541198253631592,1.381235957145691,1.3632045984268188,1.2826896905899048,1.3583401441574097,1.4564284086227417,1.3940062522888184,1.3859630823135376,1.250758409500122,1.383472204208374,1.1556768417358398,1.408427357673645,1.1126538515090942
PAN,0.7487629652023315,0.8540468811988831,0.7445747256278992,0.8896527886390686,0.8367363810539246,0.8642972111701965,0.9041570425033568,0.9111246466636658,0.7399765849113464,0.8920040726661682,0.9366574883461,0.8595080375671387,0.9058214426040648,0.8693516850471497,0.8651543259620667,0.8877805471420288,0.803483784198761,0.8917955160140991,0.7821556329727173,1.0003327131271362,0.7351827025413513
PER,1.1285210847854614,1.0870252847671509,1.0873830318450928,1.1424883604049685,1.0851603746414185,1.1026227474212646,1.0306864976882937,1.0344226360321045,0.9380910992622375,1.0620514154434204,1.1668269634246826,0.8849751353263855,1.0561699867248535,1.0539939403533936,1.0087553262710571,1.1652326583862305,1.1613965034484863,1.1162582635879517,0.9965977668762208,1.104952692985535,0.9850440621376038
PHL,0.8035265207290649,0.8797348737716675,0.7305837273597717,0.8120816946029663,0.8148043155670166,0.8478594422340393,0.8541919589042664,0.8251071572303772,0.6855369210243225,0.8450352549552917,0.8320634961128235,0.7043984532356262,0.9094898104667664,0.7772724032402039,0.8908899426460266,0.8404511213302612,0.8356013894081116,0.8658925890922546,0.7371673583984375,0.8507772088050842,0.8060678839683533
PNG,0.7921296954154968,0.8018347024917603,0.6995607614517212,0.8039921522140503,0.7612139582633972,0.8070738315582275,0.825067400932312,0.7687283754348755,0.6935500502586365,0.785802960395813,0.7957283854484558,0.6986860632896423,0.8433797955513,0.753779411315918,0.7222376465797424,0.800297200679779,0.8129400014877319,0.8190769553184509,0.7351734042167664,0.7658167481422424,0.7648753523826599
POL,1.1026792526245115,1.1480685472488403,1.0743002891540527,0.9211865663528442,0.9544917941093444,0.900834023952484,1.102176070213318,0.9946692585945128,0.9995723962783812,1.2865753173828125,1.233906388282776,1.1946709156036377,1.2183148860931396,1.2071346044540403,1.2445974349975586,1.3095208406448364,1.2177681922912598,0.6317431330680847,1.2390738725662231,1.1131625175476074,1.2200664281845093
PRI,0.5919391512870789,0.781338632106781,0.6292137503623962,0.7226324677467346,0.740302562713623,0.7696952223777771,0.7580664753913879,0.7990528345108032,0.6184587478637695,0.8256746530532837,0.812138557434082,0.6378176212310791,0.8080672025680542,0.8284274935722351,0.8655381798744202,0.7186279296875,0.7117329835891724,0.784711480140686,0.6471427083015442,0.8971678018569946,0.6580910682678223
PRT,0.967313289642334,0.93608957529068,1.0040700435638428,0.7123458385467529,0.8052881956100464,0.8557634949684143,0.8848298788070679,0.7723661661148071,0.7594060301780701,1.037961483001709,1.0135380029678345,1.1276381015777588,0.694844126701355,1.0365469455718994,1.1081938743591309,0.7884424924850464,1.07217276096344,0.6751001477241516,0.9607600569725036,0.8144134283065796,0.9434815645217896
PRY,1.327548861503601,1.1317882537841797,1.4395207166671753,0.9521840214729308,0.8863193988800049,0.9748616814613342,0.9432985782623292,0.7394170165061951,1.0349913835525513,1.3770322799682615,1.257143497467041,1.0734752416610718,1.018113136291504,0.978176474571228,0.6922121047973633,1.151082992553711,1.3087003231048584,1.0228544473648071,1.764561653137207,1.072874903678894,1.072229027748108
QAT,1.2835674285888672,1.2232295274734497,1.0918360948562622,0.9947037100791932,1.0263429880142212,1.042508602142334,1.2938973903656006,1.286535620689392,0.871025800704956,1.1795787811279297,1.1119649410247805,1.2379961013793943,1.1777387857437134,1.5317972898483276,1.6762807369232178,1.2739733457565308,1.4647537469863892,1.0289572477340698,1.265998125076294,1.4311349391937256,0.9258396029472352
ROU,1.341974854469299,1.2564133405685425,1.1424726247787476,1.1110520362854004,1.0792933702468872,1.0390888452529907,1.3027241230010986,1.2416187524795532,1.136561632156372,1.32260000705719,1.30517315864563,1.2948899269104004,1.2434372901916504,1.1605252027511597,1.4238300323486328,1.5437228679656982,1.3300869464874268,0.932921588420868,1.39266037940979,1.409748673439026,1.3404500484466553
RUS,1.651467204093933,1.4865418672561646,1.4008773565292358,1.2564499378204346,1.4478548765182495,1.405612587928772,1.427232265472412,1.3966569900512695,1.4067628383636477,1.4758886098861694,1.403488278388977,1.713383436203003,1.5470689535140991,1.6528232097625732,1.9004249572753904,1.660317063331604,1.7604068517684937,0.978754222393036,1.740882396697998,1.45280659198761,1.615971326828003
RWA,1.1753720045089722,1.144995093345642,0.9342415928840636,1.0741231441497805,1.1199631690979004,1.1017383337020874,0.8130303025245667,0.8839300870895386,0.8712374567985535,0.9851993918418884,0.998443841934204,0.85179203748703,1.1199661493301392,1.052521586418152,1.030505657196045,0.8079751133918762,0.7768622636795044,1.240540862083435,0.6964472532272339,1.1468333005905151,1.1075705289840698
SAU,1.3757736682891846,1.391546368598938,1.252995252609253,1.1818876266479492,1.123436689376831,1.163236141204834,1.326185941696167,1.3589876890182495,1.0333153009414673,1.2214967012405396,1.179705262184143,1.394544243812561,1.2518599033355713,1.4676162004470823,1.5238986015319824,1.3677010536193848,1.1755101680755615,1.1364251375198364,1.0538398027420044,1.5111018419265747,1.1067891120910645
SDN,1.2303813695907593,1.2341591119766235,1.1504278182983398,1.2230700254440308,1.2176145315170288,1.252960443496704,1.062015175819397,1.2062050104141235,0.961672067642212,1.013999104499817,1.0538955926895142,1.116413712501526,1.1860500574111938,1.2465269565582275,1.2583976984024048,1.1176393032073977,1.1442217826843262,1.1429157257080078,0.9358723759651184,1.4670697450637815,1.0522123575210571
SEN,0.9468166828155518,0.9936220049858092,1.0134704113006592,1.0806912183761597,0.9095538854599,0.9502691626548768,1.075570821762085,1.034278154373169,0.8529039025306702,1.003704309463501,1.0735344886779783,0.9189479947090148,0.9780884385108948,1.1151275634765625,0.9050775170326232,1.0019681453704834,0.9994383454322816,1.1770615577697754,0.8776946067810059,1.162499189376831,0.8389706611633301
SLB,0.7542275786399841,0.746522843837738,0.6815767884254456,0.7481465339660645,0.732533872127533,0.7759586572647095,0.7536507248878479,0.7442620396614075,0.6196673512458801,0.6868749260902405,0.7035114765167236,0.7001792788505554,0.7490764856338501,0.7234967350959778,0.716653048992157,0.6924414038658142,0.7855727672576904,0.73189777135849,0.715458333492279,0.7357445955276489,0.6507605910301208
SLE,0.955631673336029,0.6443682909011841,0.8594698905944824,1.0890461206436155,0.9598373174667358,1.0225225687026978,0.8067594766616821,0.8132606744766235,0.7822697162628174,0.8628211617469788,0.9922398924827576,0.7401077151298523,0.9680617451667786,0.9530220627784728,0.9702650308609008,0.9000205397605896,0.892673134803772,1.0726600885391235,0.8664296865463257,1.0970404148101809,0.8973557949066162
SLV,0.965971052646637,1.0324077606201172,1.0471776723861694,1.103641152381897,0.927873432636261,0.965674102306366,1.1172728538513184,1.0630249977111816,0.9512925148010254,1.0221226215362549,1.0667569637298584,1.0228289365768433,1.1094716787338257,1.170880913734436,1.440717339515686,1.0469292402267456,1.223920464515686,1.0501898527145386,0.9094548225402832,1.25230610370636,1.0587797164916992
SOM,0.9711126089096068,1.1118074655532837,0.8700220584869385,0.908379316329956,0.8078048229217529,0.8468179702758789,0.9125915765762328,0.9144181609153748,0.7634406685829163,0.8348855376243591,0.913775622844696,0.8410124778747559,1.1473201513290403,0.9450435638427734,0.7890883088111877,0.981849193572998,1.095780611038208,1.022199273109436,0.9838979244232178,1.0194531679153442,0.9202249646186828
SRB,1.3928682804107666,1.296367049217224,1.1503057479858398,1.1653504371643066,1.0739068984985352,1.0503580570220947,1.3481258153915403,1.2315508127212524,1.1401057243347168,1.3682098388671875,1.304080367088318,1.2494010925292969,1.238066792488098,1.1678391695022583,1.391738772392273,1.499583125114441,1.3922975063323977,0.958273947238922,1.401203989982605,1.3886958360671997,1.3143751621246338
SUR,0.8335884213447571,0.8824593424797058,0.6848416924476624,0.8511551022529602,0.8379508256912231,0.8828533291816711,0.8582869172096252,0.8659217953681946,0.7124065160751343,0.8883510231971741,0.9316864013671876,0.7218010425567627,0.761653482913971,0.8711407780647278,0.876534104347229,0.7374277114868164,0.7402932047843933,0.7801826000213623,0.7369818687438965,1.1328864097595217,0.7781580090522766
SVK,1.2314965724945068,1.2293256521224976,1.1066851615905762,1.0585951805114746,1.0118430852890017,0.9657403826713562,1.2135194540023804,1.1020139455795288,1.074569582939148,1.2854970693588257,1.1704427003860474,1.2898708581924438,1.2679139375686646,1.1525509357452393,1.272034764289856,1.3874247074127195,1.3072291612625122,0.7397058606147766,1.344874620437622,1.2419588565826416,1.302910566329956
SVN,1.351958155632019,1.2222026586532593,1.0934981107711792,1.1034172773361206,1.0120888948440552,1.0115967988967896,1.2619152069091797,1.1342252492904663,1.0826492309570313,1.291645050048828,1.2051105499267578,1.239165186882019,1.286054253578186,1.1252065896987915,1.312076210975647,1.46293044090271,1.3661036491394043,0.8004900813102722,1.3974814414978027,1.197726845741272,1.3343939781188965
SWE,1.0733474493026731,1.185175895690918,1.0759284496307373,0.7467018365859985,0.9296473860740662,0.8878210186958313,1.0745563507080078,0.9840987920761108,0.9195257425308228,1.2364917993545532,1.2009364366531372,1.2482980489730835,1.1302082538604736,1.3225972652435305,1.202648639678955,1.2885650396347046,1.1880029439926147,0.494003027677536,1.2338359355926514,0.8828341364860535,1.1374752521514893
SWZ,1.0322928428649902,1.2081838846206665,1.1390419006347656,1.2596105337142944,1.0574638843536377,1.1715550422668457,0.9978771209716796,1.133585810661316,0.9751431345939636,1.0378620624542236,1.256834626197815,0.823805034160614,1.2576396465301514,0.9881553649902344,0.9373632073402404,1.0895602703094482,1.0133286714553833,1.0736316442489624,0.9399691224098206,1.2068748474121094,1.1219719648361206
SYR,1.4313818216323853,1.3677730560302734,1.0545672178268433,1.0883561372756958,1.1686092615127563,1.205705642700195,1.2739111185073853,1.2278298139572144,1.0233361721038818,1.3471601009368896,1.192031741142273,1.1680386066436768,1.0429333448410034,1.328310489654541,1.5173405408859253,1.2478845119476318,1.1840691566467283,1.130966067314148,1.2220079898834229,1.6005398035049438,1.0527913570404053
TCD,1.1837764978408811,1.111551284790039,1.0378645658493042,1.191728591918945,1.098783016204834,1.0817862749099731,0.7800557613372803,0.9350255131721495,0.9951547980308532,1.0548278093338013,1.1884238719940186,0.9587492346763612,1.2679158449172974,1.0614079236984253,1.0423353910446167,0.7568524479866028,0.8927229046821594,1.293806076049805,0.6802048683166504,1.3729350566864014,0.9653945565223694
TGO,0.8012414574623108,0.5573788285255432,0.9513452053070068,1.1758196353912354,0.9555427432060242,1.0046199560165403,0.7631932497024536,0.7986834645271301,0.883990466594696,1.0133073329925537,1.045572280883789,0.7950747609138489,1.146265149116516,1.0897653102874756,0.9093623161315918,0.7927762866020203,0.8053997755050659,1.115021586418152,0.8849590420722961,1.0971910953521729,0.9838560223579408
THA,1.0291701555252075,1.10028076171875,0.902152180671692,0.986293077468872,1.0259513854980469,1.0700145959854126,0.9299083948135376,0.9482006430625916,0.8204675316810608,0.9170465469360352,1.0150648355484009,0.790052056312561,1.1432437896728516,0.6841791868209839,1.042617917060852,0.9979806542396544,0.9714692831039428,1.066284418106079,0.9641836285591124,1.158904194831848,1.0703010559082031
TJK,1.4590002298355105,1.5002866983413696,1.488405466079712,1.105723857879639,1.4320529699325562,1.3726081848144531,1.5690258741378784,1.3544548749923706,1.272364616394043,1.3495312929153442,1.2406150102615356,1.409516215324402,1.3721835613250732,1.2842024564743042,1.5307279825210571,1.468034744262695,1.3909926414489746,1.206668734550476,1.4556678533554075,1.551267385482788,1.2899214029312134
TKM,1.3567097187042236,1.4990601539611816,1.2276822328567505,1.116545557975769,1.21207857131958,1.221921443939209,1.3788789510726929,1.245882868766785,1.1495747566223145,1.3217556476593018,1.150653600692749,1.3190757036209106,1.096837043762207,1.2640373706817627,1.4725552797317505,1.453355312347412,1.3923275470733645,1.0734460353851318,1.350846290588379,1.4864835739135742,1.1370275020599363
TLS,0.7643421292304993,0.8221656680107117,0.6954019665718079,0.8161766529083252,0.783842921257019,0.8197133541107178,0.790662944316864,0.8074450492858887,0.7084152698516846,0.7772358655929565,0.828674852848053,0.665009617805481,0.8215634822845459,0.763054370880127,0.8217095136642456,0.808993399143219,0.8142539858818054,0.8697771430015564,0.7602613568305969,0.7701483964920044,0.7129615545272827
TTO,0.6742772459983826,0.81534343957901,0.7408404224797299,0.7442482113838196,0.7567019462585449,0.7869701385498047,0.7358930110931396,0.7663900256156921,0.5847241282463074,0.7740556001663208,0.797224760055542,0.6886866688728333,0.7558767795562744,0.7408404224797299,0.8440060019493103,0.6588312387466431,0.7004127502441406,0.6642390489578247,0.7142657041549683,1.005655288696289,0.6081660389900208
TUN,1.3175065517425537,1.3247358798980713,0.989191710948944,1.0181069374084473,0.9532885551452636,0.9982463121414183,1.2651240825653076,1.1569935083389282,0.998447835445404,1.1689231395721436,1.1568659543991089,1.036348581314087,1.003332257270813,1.2115126848220823,1.2321475744247437,1.264991044998169,1.1645885705947876,1.0458714962005615,1.1521620750427246,1.2507765293121338,0.9840286374092102
TUR,1.2601709365844729,1.2367804050445557,1.1811798810958862,1.0740301609039309,1.1673089265823364,1.1724562644958496,1.3025857210159302,1.2425909042358398,1.085655927658081,1.3181333541870115,1.1529148817062378,1.1506747007369995,1.0091224908828735,1.256000280380249,1.4374160766601565,1.386736512184143,1.2138984203338623,1.056382417678833,1.231582522392273,1.4556877613067627,1.0743027925491333
TWN,0.8951374292373657,0.8810620307922363,0.779078483581543,0.7582857608795166,0.7872813940048218,0.7938891053199768,0.9313567280769348,0.8344741463661194,0.7095708847045898,0.7957638502120972,0.8372877836227417,0.7846822142601013,0.8622092008590698,1.067969560623169,0.9233017563819884,1.0098985433578491,0.9005530476570129,0.8085885047912598,0.7193115949630737,0.9212256669998168,0.8637909293174744
TZA,1.0500112771987915,1.1137489080429075,0.7806318998336792,1.0805662870407104,0.9538275599479676,0.9606319665908812,0.8188411593437195,0.8419514298439026,0.8975768089294434,0.9398077726364136,0.978467047214508,0.817401647567749,1.131862998008728,0.9272162914276124,1.0312442779541016,0.845004141330719,0.8861955404281616,1.140911340713501,0.8293973207473755,1.005339503288269,0.8694897890090942
UGA,1.0983610153198242,1.1267738342285156,0.8973559737205505,1.0122764110565186,1.099920392036438,1.1037907600402832,0.7333580255508423,0.8724711537361145,0.9053188562393188,0.9451118111610411,0.8930690884590149,0.8553329110145569,1.1291838884353638,1.070828914642334,1.031365156173706,0.669362485408783,0.8277986645698547,1.1554346084594729,0.7106518149375916,0.886506199836731,0.9460828304290771
UKR,1.3237789869308472,1.280855655670166,1.1572051048278809,1.097781777381897,1.1181846857070925,1.066074013710022,1.247902750968933,1.176505208015442,1.1654576063156128,1.2737871408462524,1.2294082641601562,1.391993284225464,1.2450445890426636,1.3010398149490356,1.5753110647201538,1.5169250965118408,1.3200443983078003,0.9073140025138856,1.3885383605957031,1.4158157110214231,1.2532657384872437
URY,0.8093307018280029,0.903005838394165,0.8219742178916931,0.7818186283111572,0.7245450019836426,0.8069213032722473,0.6780977249145508,0.707054078578949,0.7898403406143188,0.8782328963279724,0.7695333957672119,0.7491516470909119,0.8454417586326599,0.5810375809669495,0.5922051668167114,0.8220049738883972,0.9523446559906006,0.9195834398269652,1.0769215822219849,0.6782183051109314,0.8281567692756653
USA,1.3738950490951538,1.176915168762207,1.150055170059204,1.054134726524353,1.0702199935913086,1.0953251123428345,1.232975721359253,1.1494187116622925,1.0507279634475708,1.311031699180603,1.2005681991577148,1.1707160472869873,1.1440027952194214,1.3263952732086182,1.3439111709594729,1.3496941328048706,1.4142591953277588,1.0619518756866455,1.213254690170288,1.2521296739578247,1.1914032697677612
UZB,1.4430617094039917,1.4766799211502075,1.3834691047668457,1.1466469764709473,1.2905296087265017,1.279979586601257,1.4676313400268557,1.3096115589141846,1.227493166923523,1.313816785812378,1.2244300842285156,1.4117075204849243,1.309517502784729,1.2652372121810913,1.5237512588500977,1.4630210399627686,1.386623501777649,1.0897754430770874,1.4348716735839844,1.5655502080917358,1.2645975351333618
VEN,0.9976485967636108,1.1132959127426147,0.9825559258461,1.1368664503097534,0.9904767274856568,1.0157724618911743,1.0220272541046145,1.0423258543014526,0.97019761800766,0.9981988072395324,1.1158207654953003,0.8819350004196167,0.992844820022583,1.208765983581543,1.384763479232788,1.107349872589111,1.142881989479065,1.0255452394485474,0.9329392313957214,1.262115716934204,0.8610462546348572
VNM,0.8963229060173035,0.963905394077301,0.9163947105407716,0.9344246983528136,0.8660774827003479,0.9322729110717772,0.9387076497077942,0.9427351355552672,0.7508061528205872,0.907342255115509,0.9590347409248352,0.7543867230415344,1.140022873878479,1.0214030742645264,0.9627376198768616,1.0388362407684326,1.0601553916931152,0.9299355745315552,0.8902539610862732,1.093489646911621,1.0826537609100342
VUT,0.7023440003395081,0.7507839202880859,0.6896839737892151,0.7612835168838501,0.6784374713897705,0.72983318567276,0.693077802658081,0.6755660772323608,0.632697582244873,0.6719135642051697,0.6879616975784302,0.6316647529602051,0.7158399224281311,0.7768846750259399,0.7439887523651123,0.7051169872283936,0.8147287368774414,0.7591909766197205,0.7200910449028015,0.6217231154441833,0.6272068619728088
PSE,1.27495539188385,1.2037959098815918,1.1062514781951904,0.994388461112976,1.030707597732544,1.0508737564086914,1.1472923755645752,1.058623433113098,0.8977544903755188,1.260371446609497,1.1457312107086182,1.202362060546875,0.9231834411621094,1.237805724143982,1.2718636989593506,1.1638702154159546,1.041189193725586,0.9243118762969972,1.123296856880188,1.4051047563552856,0.9105294346809388
YEM,1.0262112617492676,1.1504710912704468,1.13201904296875,1.1147884130477903,1.0089176893234253,1.0404672622680664,0.9352203607559204,1.1424386501312256,0.8254331350326538,0.8960846662521362,1.0309311151504517,0.9724594950675964,1.3361462354660034,1.2159667015075684,1.030348777770996,1.1141443252563477,1.1394360065460205,1.1494438648223877,1.0240293741226196,1.0995619297027588,1.0197025537490845
ZAF,1.2009446620941162,1.3649940490722656,1.3007713556289673,1.2467726469039917,1.3231322765350342,1.4087973833084106,1.1422914266586304,1.2368308305740356,0.9946807026863098,1.0997315645217896,1.3244574069976809,1.0161179304122925,1.2930392026901243,1.122522234916687,1.189664602279663,1.3480899333953855,1.1512569189071655,1.2082633972167969,1.0387866497039795,1.2872390747070312,1.15868079662323
ZMB,1.048953652381897,1.2735661268234253,1.0851454734802246,1.2915151119232178,1.2380688190460205,1.2839953899383545,0.9393121004104614,0.9607431292533876,1.0164611339569092,1.2933180332183838,1.3755232095718384,1.0139219760894775,1.2410366535186768,1.1076443195343018,1.245616793632507,1.0214358568191528,0.8961463570594788,1.2902491092681885,0.9396580457687378,1.3854403495788574,1.1803606748580933
ZWE,1.0935912132263184,1.2484954595565796,1.1025186777114868,1.404617428779602,1.2759188413619995,1.3293501138687134,1.094153642654419,1.1155872344970703,1.0909639596939087,1.2413427829742432,1.3687936067581177,1.0464752912521362,1.3370336294174194,1.1297886371612549,1.3213398456573486,1.1979423761367798,1.0363752841949463,1.268337607383728,0.8549075126647949,1.5180143117904663,1.1368553638458252
ABW,0.6374265551567078,0.7651491165161133,0.5864601731300354,0.7192409038543701,0.7683917880058289,0.8016378283500671,0.7069587111473083,0.7445703148841858,0.5705074071884155,0.7502536773681641,0.765540361404419,0.7077860236167908,0.7099793553352356,0.9269723892211914,0.9450086355209352,0.5690266489982605,0.7055342197418213,0.642166793346405,0.6811244487762451,0.9096997380256652,0.5791992545127869
BHR,1.0731775760650637,1.1914513111114502,1.0918360948562622,1.063572883605957,1.0501707792282104,1.0625581741333008,1.185091495513916,1.3063830137252808,0.9505186080932616,1.1721500158309937,1.0898079872131348,1.3897463083267212,1.3065084218978882,1.5317974090576172,1.6857657432556152,1.191256403923035,1.412492036819458,0.9378134608268738,1.23568856716156,1.6348191499710083,1.1202709674835205
BRB,0.6084073185920715,0.7598384618759155,0.6414012312889099,0.6962277889251709,0.7051205635070801,0.7352391481399536,0.7406860589981079,0.7654257416725159,0.5512785911560059,0.7424699068069458,0.7648192048072815,0.702849805355072,0.6208063960075378,0.7642665505409241,0.6755498647689819,0.6421743631362915,0.6887604594230652,0.6209074258804321,0.6643934845924377,0.838207483291626,0.5795880556106567
COM,0.7438337206840515,0.8273582458496094,0.723546028137207,0.8551923036575317,0.7272429466247559,0.7388654351234436,0.7465183138847351,0.7460891604423523,0.6912893056869507,0.7122047543525696,0.7864708304405212,0.7224141359329224,0.8719587326049805,0.8357174396514893,0.7633494138717651,0.8097281455993652,0.811151921749115,0.841689944267273,0.7215437293052673,0.8018382787704468,0.7247055172920227
CPV,0.6693176627159119,0.6366026997566223,0.6468566656112671,0.6735032200813293,0.676323652267456,0.7131184339523315,0.7742788791656494,0.7223705053329468,0.6201779246330261,0.7725194096565247,0.7651463150978088,0.6696082949638367,0.49061962962150574,0.7427554726600647,0.7541431188583374,0.6165673136711121,0.8453818559646606,0.5823119282722473,0.7728946805000305,0.7423607707023621,0.5947925448417664
HKG,1.0394392013549805,1.1009886264801023,0.910734474658966,0.7590019702911377,0.99322772026062,1.0074784755706787,0.985398530960083,0.8984624743461609,0.6375505328178406,0.877674400806427,0.90386700630188,0.7872192859649658,1.0637630224227903,1.107919692993164,1.0176286697387695,1.2116345167160034,1.160939335823059,0.8764116764068604,0.8892210125923157,0.9272286891937256,0.9929141998291016
LCA,0.5791381001472473,0.7483338713645935,0.6352238059043884,0.6934146285057068,0.7085957527160645,0.7364545464515686,0.7372349500656128,0.7674111723899841,0.5493082404136658,0.7449829578399658,0.7596884369850159,0.6990400552749634,0.6426774859428406,0.771665632724762,0.6692638993263245,0.6524261832237244,0.6943004727363586,0.6163391470909119,0.6637688279151917,0.8459598422050476,0.5830368995666504
MAC,0.8430358171463013,0.938908874988556,0.7337753772735596,0.7590019106864929,0.7898911833763123,0.8044652938842773,0.9749597907066344,0.8791988492012024,0.6375505328178406,0.9305575489997864,0.95484459400177,0.7445302605628967,0.8740118145942688,1.005585551261902,0.8620848059654236,0.9888368844985962,0.95173978805542,0.7982874512672424,0.7635037899017334,1.0588425397872925,0.8280511498451233
MDV,0.7235215306282043,0.92009836435318,0.7496691942214966,0.7912982106208801,0.7582918405532837,0.7789771556854248,0.8218668103218079,0.8089288473129272,0.6376813650131226,0.7721179127693176,0.8061181306838989,0.7389862537384033,0.7984934449195862,0.8899411559104919,0.7575688362121582,0.8651907444000244,0.8840878009796143,0.8609268665313721,0.8046619296073914,0.841991662979126,0.6951294541358948
MLT,1.0174705982208252,1.0959765911102295,0.8657740354537964,0.8388235569000244,0.8153847455978394,0.8387377262115479,1.0200958251953125,0.926822066307068,0.8671507835388184,0.9814724326133728,0.9487685561180116,0.8435229063034058,0.8053303360939026,1.0495738983154297,0.9399250149726868,1.0892623662948608,0.953053653240204,0.7711463570594788,0.9287298321723938,1.136457443237305,0.8710256814956665
MUS,0.7383301258087158,0.8177007436752319,0.7258825898170471,0.891952395439148,0.6779814958572388,0.7005205750465393,0.6839703321456909,0.691603422164917,0.6751917600631714,0.6025213003158569,0.7436386942863464,0.6544588804244995,0.8465251922607422,0.7401815056800842,0.7003381252288818,0.7373408675193787,0.7415719628334045,0.8631275296211243,0.6732028126716614,0.6953192353248596,0.6671005487442017
PYF,0.6522398591041565,0.7064599990844727,0.4855161905288696,0.650296688079834,0.6595463752746582,0.6916435360908508,0.6728801727294922,0.7241923809051514,0.5862860083580017,0.6251332759857178,0.7051333785057068,0.6488604545593262,0.7124165892601013,0.5883213877677917,0.5238879323005676,0.7251086235046387,0.6863016486167908,0.7391587495803833,0.6614402532577515,0.5572702884674072,0.6160733103752136
SGP,0.9884905815124512,0.9355912208557128,0.7388365268707275,0.7964873313903809,0.8236009478569031,0.8708713054656982,0.8037011027336121,0.872052788734436,0.6518802046775818,0.7634965181350708,0.8138337135314941,0.6801509261131287,0.8744825124740601,0.7000448107719421,0.7592400312423706,0.9425858855247498,0.9334353804588318,0.908595323562622,0.8348448276519775,0.8276976346969604,0.8005834221839905
STP,0.6805742979049683,0.28522780537605286,0.7502843141555786,0.935806155204773,0.8057680726051331,0.8260904550552368,0.73824143409729,0.7740212678909302,0.7177665829658508,0.7953764200210571,0.8317912220954895,0.6935198903083801,0.8839794993400574,0.8687989115715027,0.7681712508201599,0.7309122085571289,0.6836342811584473,0.9968398213386536,0.7596533894538879,0.9390712976455688,0.7564374208450317
TON,0.610499382019043,0.7049086689949036,0.7145045399665833,0.76643306016922,0.6342676281929016,0.664547860622406,0.6517322659492493,0.6439658999443054,0.6317099928855896,0.6100215911865234,0.6441243886947632,0.6056140661239624,0.7029891610145569,0.6424853801727295,0.6090601682662964,0.6729161739349365,0.7481313347816467,0.7549242377281189,0.6892467141151428,0.5806956887245178,0.6166754961013794
VCT,0.6064598560333252,0.7505244016647339,0.6495867967605591,0.6956148743629456,0.7080764174461365,0.7371265888214111,0.7397972941398621,0.7670099139213562,0.5504881739616394,0.7451229691505432,0.7591989636421204,0.6922372579574585,0.6431839466094971,0.7821611166000366,0.6602050065994263,0.6547515392303467,0.6962373852729797,0.6293728947639465,0.6644430160522461,0.8425765633583069,0.5870756506919861
WSM,0.6663640141487122,0.6628520488739014,0.6212899684906006,0.7015921473503113,0.6852349042892456,0.7263451814651489,0.6862540245056152,0.7262332439422607,0.5794326663017273,0.6252675652503967,0.6503311395645142,0.684459924697876,0.6993167996406555,0.6256966590881348,0.5649930834770203,0.7366458177566528,0.7469596862792969,0.722618818283081,0.6848087906837463,0.5976776480674744,0.6435831785202026
